日期,指数代码,指数名称,指数英文名称,成分券代码,成分券名称,成分券英文名称,交易所,交易所英文名称,权重
2026-01-30,000905,中证500,CSI 500,000009,中国宝安,"China Baoan Group Co.,Ltd.",深圳证券交易所,Shenzhen Stock Exchange,0.165
2026-01-30,000905,中证500,CSI 500,000021,深科技,"Shenzhen Kaifa Technology Co., Ltd.",深圳证券交易所,Shenzhen Stock Exchange,0.337
2026-01-30,000905,中证500,CSI 500,000027,深圳能源,Shenzhen Energy Group Co Ltd,深圳证券交易所,Shenzhen Stock Exchange,0.092
2026-01-30,000905,中证500,CSI 500,000032,深桑达A,Shenzhen SED Industry Co Ltd,深圳证券交易所,Shenzhen Stock Exchange,0.112
2026-01-30,000905,中证500,CSI 500,000034,神州数码,"Digital China Group Co., Ltd.",深圳证券交易所,Shenzhen Stock Exchange,0.205
2026-01-30,000905,中证500,CSI 500,000039,中集集团,China International Marine Containers (Group) Co Ltd,深圳证券交易所,Shenzhen Stock Exchange,0.169
2026-01-30,000905,中证500,CSI 500,000050,深天马A,Tianma Microelectronics Co Ltd,深圳证券交易所,Shenzhen Stock Exchange,0.136
2026-01-30,000905,中证500,CSI 500,000060,中金岭南,Shenzhen Zhongjin Lingnan Nonfemet Co Ltd,深圳证券交易所,Shenzhen Stock Exchange,0.227
2026-01-30,000905,中证500,CSI 500,000062,深圳华强,Shenzhen Huaqiang Industry Co Ltd,深圳证券交易所,Shenzhen Stock Exchange,0.104
2026-01-30,000905,中证500,CSI 500,000088,盐田港,Shenzhen Yan Tian Port Holdings Co Ltd,深圳证券交易所,Shenzhen Stock Exchange,0.09
2026-01-30,000905,中证500,CSI 500,000155,川能动力,SICHUAN NEW ENERGY POWER COMPANY LIMITED,深圳证券交易所,Shenzhen Stock Exchange,0.152
2026-01-30,000905,中证500,CSI 500,000400,许继电气,XJ Electric Co Ltd,深圳证券交易所,Shenzhen Stock Exchange,0.202
2026-01-30,000905,中证500,CSI 500,000415,渤海租赁,"Bohai Leasing Co.,Ltd.",深圳证券交易所,Shenzhen Stock Exchange,0.157
2026-01-30,000905,中证500,CSI 500,000423,东阿阿胶,Shandong Dong-Ee Jiao Co Ltd,深圳证券交易所,Shenzhen Stock Exchange,0.217
2026-01-30,000905,中证500,CSI 500,000426,兴业银锡,"INNER MONGOLIA XINGYE SILVER & TIN MINING CO.,LTD",深圳证券交易所,Shenzhen Stock Exchange,0.829
2026-01-30,000905,中证500,CSI 500,000429,粤高速A,Guangdong Provincial Expressway Development Co Ltd,深圳证券交易所,Shenzhen Stock Exchange,0.06
2026-01-30,000905,中证500,CSI 500,000513,丽珠集团,Livzon Pharmaceutical Group Inc,深圳证券交易所,Shenzhen Stock Exchange,0.12
2026-01-30,000905,中证500,CSI 500,000519,中兵红箭,"NORTH INDUSTRIES GROUP RED ARROW CO.,LTD",深圳证券交易所,Shenzhen Stock Exchange,0.149
2026-01-30,000905,中证500,CSI 500,000528,柳工,Guangxi Liugong Machinery Co Ltd,深圳证券交易所,Shenzhen Stock Exchange,0.176
2026-01-30,000905,中证500,CSI 500,000537,绿发电力,"Green Development Electricity Group of Tianjin Co., Ltd",深圳证券交易所,Shenzhen Stock Exchange,0.066
2026-01-30,000905,中证500,CSI 500,000539,粤电力A,Guangdong Electric Power Development Co Ltd,深圳证券交易所,Shenzhen Stock Exchange,0.041
2026-01-30,000905,中证500,CSI 500,000559,万向钱潮,Wanxiang Qianchao Co Ltd,深圳证券交易所,Shenzhen Stock Exchange,0.217
2026-01-30,000905,中证500,CSI 500,000563,陕国投A,"Shaanxi International Trust Co.,Ltd",深圳证券交易所,Shenzhen Stock Exchange,0.104
2026-01-30,000905,中证500,CSI 500,000582,北部湾港,"Beibuwan Port Co.,Ltd.",深圳证券交易所,Shenzhen Stock Exchange,0.088
2026-01-30,000905,中证500,CSI 500,000591,太阳能,"CECEP Solar Energy Co.,Ltd.",深圳证券交易所,Shenzhen Stock Exchange,0.14
2026-01-30,000905,中证500,CSI 500,000598,兴蓉环境,"Chengdu Xingrong Environment Co., Ltd.",深圳证券交易所,Shenzhen Stock Exchange,0.104
2026-01-30,000905,中证500,CSI 500,000623,吉林敖东,"Jilin Aodong Pharmaceutical Group Co., Ltd.",深圳证券交易所,Shenzhen Stock Exchange,0.186
2026-01-30,000905,中证500,CSI 500,000629,钒钛股份,"Pangang Group Vanadium Titanium & Resources Co., Ltd.",深圳证券交易所,Shenzhen Stock Exchange,0.169
2026-01-30,000905,中证500,CSI 500,000657,中钨高新,China Tungsten and Hightech Materials Co Ltd,深圳证券交易所,Shenzhen Stock Exchange,0.419
2026-01-30,000905,中证500,CSI 500,000683,博源化工,Inner Mongolia Berun Chemical Company Limited,深圳证券交易所,Shenzhen Stock Exchange,0.209
2026-01-30,000905,中证500,CSI 500,000703,恒逸石化,Hengyi Petrochemical Co Ltd,深圳证券交易所,Shenzhen Stock Exchange,0.206
2026-01-30,000905,中证500,CSI 500,000709,河钢股份,HESTEEL COMPANY LIMITED,深圳证券交易所,Shenzhen Stock Exchange,0.098
2026-01-30,000905,中证500,CSI 500,000723,美锦能源,"Shanxi Meijin Energy Co.,Ltd.",深圳证券交易所,Shenzhen Stock Exchange,0.148
2026-01-30,000905,中证500,CSI 500,000728,国元证券,Guoyuan Securities Company Limited,深圳证券交易所,Shenzhen Stock Exchange,0.207
2026-01-30,000905,中证500,CSI 500,000729,燕京啤酒,Beijing Yanjing Brewery Co Ltd,深圳证券交易所,Shenzhen Stock Exchange,0.162
2026-01-30,000905,中证500,CSI 500,000733,振华科技,China Zhenhua (Group) Science & Technology Co Ltd,深圳证券交易所,Shenzhen Stock Exchange,0.201
2026-01-30,000905,中证500,CSI 500,000738,航发控制,"AECC AERO-ENGINE CONTROL CO.,LTD.",深圳证券交易所,Shenzhen Stock Exchange,0.183
2026-01-30,000905,中证500,CSI 500,000739,普洛药业,"Apeloa Pharmaceutical Co., Ltd.",深圳证券交易所,Shenzhen Stock Exchange,0.101
2026-01-30,000905,中证500,CSI 500,000750,国海证券,"Sealand Securities Co., Ltd.",深圳证券交易所,Shenzhen Stock Exchange,0.181
2026-01-30,000905,中证500,CSI 500,000783,长江证券,Changjiang Securities Company Limited,深圳证券交易所,Shenzhen Stock Exchange,0.273
2026-01-30,000905,中证500,CSI 500,000785,居然智家,"EASYHOME NEW RETAIL GROUP CO., LTD",深圳证券交易所,Shenzhen Stock Exchange,0.073
2026-01-30,000905,中证500,CSI 500,000825,太钢不锈,Shanxi Taigang Stainless Steel Co Ltd,深圳证券交易所,Shenzhen Stock Exchange,0.113
2026-01-30,000905,中证500,CSI 500,000830,鲁西化工,"Luxi Chemical Group Co.,Ltd.",深圳证券交易所,Shenzhen Stock Exchange,0.212
2026-01-30,000905,中证500,CSI 500,000831,中国稀土,"CHINA RARE EARTH RESOURCES AND TECHNOLOGY CO., LTD.",深圳证券交易所,Shenzhen Stock Exchange,0.382
2026-01-30,000905,中证500,CSI 500,000878,云南铜业,Yunnan Copper Co Ltd,深圳证券交易所,Shenzhen Stock Exchange,0.341
2026-01-30,000905,中证500,CSI 500,000883,湖北能源,Hubei Energy Group Co Ltd,深圳证券交易所,Shenzhen Stock Exchange,0.093
2026-01-30,000905,中证500,CSI 500,000887,中鼎股份,"Anhui Zhongding Sealing Parts Co.,Ltd.",深圳证券交易所,Shenzhen Stock Exchange,0.157
2026-01-30,000905,中证500,CSI 500,000893,亚钾国际,"Asia-Potash International Investment (Guangzhou) Co., Ltd.",深圳证券交易所,Shenzhen Stock Exchange,0.295
2026-01-30,000905,中证500,CSI 500,000898,鞍钢股份,Angang Steel Co Ltd,深圳证券交易所,Shenzhen Stock Exchange,0.06
2026-01-30,000905,中证500,CSI 500,000921,海信家电,"HISENSE HOME APPLIANCES GROUP CO.,LTD.",深圳证券交易所,Shenzhen Stock Exchange,0.105
2026-01-30,000905,中证500,CSI 500,000932,华菱钢铁,Hunan Valin Steel Co Ltd,深圳证券交易所,Shenzhen Stock Exchange,0.205
2026-01-30,000905,中证500,CSI 500,000933,神火股份,Henan Shen Huo Coal Industry and Electricity Power Co Ltd,深圳证券交易所,Shenzhen Stock Exchange,0.491
2026-01-30,000905,中证500,CSI 500,000937,冀中能源,Jizhong Energy Resources Co Ltd,深圳证券交易所,Shenzhen Stock Exchange,0.056
2026-01-30,000905,中证500,CSI 500,000951,中国重汽,CNHTC Jinan Truck Co Ltd,深圳证券交易所,Shenzhen Stock Exchange,0.105
2026-01-30,000905,中证500,CSI 500,000958,电投产融,"SPIC Industry-Finance Holdings Co., Ltd",深圳证券交易所,Shenzhen Stock Exchange,0.097
2026-01-30,000905,中证500,CSI 500,000959,首钢股份,Beijing Shougang Co Ltd,深圳证券交易所,Shenzhen Stock Exchange,0.083
2026-01-30,000905,中证500,CSI 500,000960,锡业股份,Yunnan Tin Co Ltd,深圳证券交易所,Shenzhen Stock Exchange,0.373
2026-01-30,000905,中证500,CSI 500,000967,盈峰环境,Infore Environment Technology Group Co. Ltd.,深圳证券交易所,Shenzhen Stock Exchange,0.085
2026-01-30,000905,中证500,CSI 500,000987,越秀资本,"GUANGZHOU YUEXIU CAPITAL HOLDINGS GROUP CO., LTD.",深圳证券交易所,Shenzhen Stock Exchange,0.146
2026-01-30,000905,中证500,CSI 500,000997,新 大 陆,"Newland Digital Technology Co.,Ltd.",深圳证券交易所,Shenzhen Stock Exchange,0.184
2026-01-30,000905,中证500,CSI 500,001213,中铁特货,"China Railway Special Cargo Logistics Co., Ltd.",深圳证券交易所,Shenzhen Stock Exchange,0.035
2026-01-30,000905,中证500,CSI 500,001221,悍高集团,"Higold Group Co.,LTD.",深圳证券交易所,Shenzhen Stock Exchange,0.023
2026-01-30,000905,中证500,CSI 500,001286,陕西能源,"SHAANXI ENERGY INVESTMENT CO., LTD.",深圳证券交易所,Shenzhen Stock Exchange,0.071
2026-01-30,000905,中证500,CSI 500,001389,广合科技,Delton Technology (Guangzhou) Inc.,深圳证券交易所,Shenzhen Stock Exchange,0.17
2026-01-30,000905,中证500,CSI 500,001696,宗申动力,Chongqing Zongshen Power Machinery Co Ltd,深圳证券交易所,Shenzhen Stock Exchange,0.156
2026-01-30,000905,中证500,CSI 500,002007,华兰生物,Hualan Biological Engineering INC,深圳证券交易所,Shenzhen Stock Exchange,0.163
2026-01-30,000905,中证500,CSI 500,002008,大族激光,"Han's Laser Technology Industry Group Co., Ltd.",深圳证券交易所,Shenzhen Stock Exchange,0.377
2026-01-30,000905,中证500,CSI 500,002025,航天电器,Guizhou Space Appliance Co Ltd,深圳证券交易所,Shenzhen Stock Exchange,0.13
2026-01-30,000905,中证500,CSI 500,002032,苏泊尔,"Zhejiang Supor Co.,Ltd",深圳证券交易所,Shenzhen Stock Exchange,0.066
2026-01-30,000905,中证500,CSI 500,002044,美年健康,"Meinian Onehealth Healthcare Holdings Co., Ltd.",深圳证券交易所,Shenzhen Stock Exchange,0.208
2026-01-30,000905,中证500,CSI 500,002056,横店东磁,Hengdian Group DMEGC Magnetics Co Ltd,深圳证券交易所,Shenzhen Stock Exchange,0.156
2026-01-30,000905,中证500,CSI 500,002064,华峰化学,"Huafon Chemical Co., Ltd.",深圳证券交易所,Shenzhen Stock Exchange,0.243
2026-01-30,000905,中证500,CSI 500,002065,东华软件,"DHC Software Co.,Ltd.",深圳证券交易所,Shenzhen Stock Exchange,0.206
2026-01-30,000905,中证500,CSI 500,002078,太阳纸业,Shan Dong Sun Paper Industry Joint Stock Co Ltd,深圳证券交易所,Shenzhen Stock Exchange,0.268
2026-01-30,000905,中证500,CSI 500,002080,中材科技,Sinoma Science & Technology Co Ltd,深圳证券交易所,Shenzhen Stock Exchange,0.273
2026-01-30,000905,中证500,CSI 500,002085,万丰奥威,"Zhejiang Wanfeng Auto Wheel Co.,Ltd.",深圳证券交易所,Shenzhen Stock Exchange,0.217
2026-01-30,000905,中证500,CSI 500,002120,韵达股份,"YUNDA Holding Group CO., Ltd.",深圳证券交易所,Shenzhen Stock Exchange,0.094
2026-01-30,000905,中证500,CSI 500,002126,银轮股份,Zhejiang Yinlun Machinery Co Ltd,深圳证券交易所,Shenzhen Stock Exchange,0.295
2026-01-30,000905,中证500,CSI 500,002128,电投能源,INNER MONGOLIA DIAN TOU ENERGY CORPORATION LIMITED,深圳证券交易所,Shenzhen Stock Exchange,0.307
2026-01-30,000905,中证500,CSI 500,002130,沃尔核材,Shenzhen Woer Heat-Shrinkable Material Co Ltd,深圳证券交易所,Shenzhen Stock Exchange,0.323
2026-01-30,000905,中证500,CSI 500,002131,利欧股份,"LEO GROUP CO., LTD.",深圳证券交易所,Shenzhen Stock Exchange,0.599
2026-01-30,000905,中证500,CSI 500,002138,顺络电子,Shenzhen Sunlord Electronics Co Ltd,深圳证券交易所,Shenzhen Stock Exchange,0.301
2026-01-30,000905,中证500,CSI 500,002152,广电运通,GRG Banking Equipment Co Ltd,深圳证券交易所,Shenzhen Stock Exchange,0.152
2026-01-30,000905,中证500,CSI 500,002153,石基信息,Beijing Shiji Information Technology Co Ltd,深圳证券交易所,Shenzhen Stock Exchange,0.099
2026-01-30,000905,中证500,CSI 500,002155,湖南黄金,Hunan Gold Corporation Limited,深圳证券交易所,Shenzhen Stock Exchange,0.384
2026-01-30,000905,中证500,CSI 500,002156,通富微电,"TongFu Microelectronics Co.,Ltd.",深圳证券交易所,Shenzhen Stock Exchange,0.6
2026-01-30,000905,中证500,CSI 500,002157,正邦科技,Jiangxi Zhengbang Technology Co Ltd,深圳证券交易所,Shenzhen Stock Exchange,0.232
2026-01-30,000905,中证500,CSI 500,002185,华天科技,Tianshui Huatian Technology Co Ltd,深圳证券交易所,Shenzhen Stock Exchange,0.369
2026-01-30,000905,中证500,CSI 500,002195,岩山科技,"Shanghai Stonehill Technology Co., Ltd.",深圳证券交易所,Shenzhen Stock Exchange,0.528
2026-01-30,000905,中证500,CSI 500,002202,金风科技,"GOLDWIND SCIENCE & TECHNOLOGY CO.,LTD.",深圳证券交易所,Shenzhen Stock Exchange,0.598
2026-01-30,000905,中证500,CSI 500,002203,海亮股份,Zhejiang Hailiang Co Ltd,深圳证券交易所,Shenzhen Stock Exchange,0.191
2026-01-30,000905,中证500,CSI 500,002223,鱼跃医疗,Jiangsu Yuyue Medical Equipment & Supply Co Ltd,深圳证券交易所,Shenzhen Stock Exchange,0.228
2026-01-30,000905,中证500,CSI 500,002244,滨江集团,Hangzhou Binjiang Real Estate Group Co Ltd,深圳证券交易所,Shenzhen Stock Exchange,0.137
2026-01-30,000905,中证500,CSI 500,002261,拓维信息,"Talkweb Information System Co.,Ltd.",深圳证券交易所,Shenzhen Stock Exchange,0.379
2026-01-30,000905,中证500,CSI 500,002262,恩华药业,Jiangsu Nhwa Pharmaceutical Co Ltd,深圳证券交易所,Shenzhen Stock Exchange,0.137
2026-01-30,000905,中证500,CSI 500,002265,建设工业,"Jianshe Industry Group (Yunnan) Co., Ltd.",深圳证券交易所,Shenzhen Stock Exchange,0.071
2026-01-30,000905,中证500,CSI 500,002266,浙富控股,"ZHEFU HOLDING GROUP CO., LTD",深圳证券交易所,Shenzhen Stock Exchange,0.12
2026-01-30,000905,中证500,CSI 500,002271,东方雨虹,Beijing Oriental Yuhong Waterproof Technology Co Ltd,深圳证券交易所,Shenzhen Stock Exchange,0.313
2026-01-30,000905,中证500,CSI 500,002273,水晶光电,"Zhejiang Crystal-Optech Co., Ltd",深圳证券交易所,Shenzhen Stock Exchange,0.314
2026-01-30,000905,中证500,CSI 500,002281,光迅科技,Accelink Technologies Co Ltd,深圳证券交易所,Shenzhen Stock Exchange,0.332
2026-01-30,000905,中证500,CSI 500,002294,信立泰,Shenzhen Salubris Pharmaceuticals Co Ltd,深圳证券交易所,Shenzhen Stock Exchange,0.248
2026-01-30,000905,中证500,CSI 500,002299,圣农发展,Fujian Sunner Development Co Ltd,深圳证券交易所,Shenzhen Stock Exchange,0.102
2026-01-30,000905,中证500,CSI 500,002312,川发龙蟒,"Sichuan Development Lomon Co.,Ltd.",深圳证券交易所,Shenzhen Stock Exchange,0.133
2026-01-30,000905,中证500,CSI 500,002318,久立特材,Zhejiang Jiuli Hi-tech Metals Co Ltd,深圳证券交易所,Shenzhen Stock Exchange,0.218
2026-01-30,000905,中证500,CSI 500,002335,科华数据,"KEHUA DATA CO., LTD.",深圳证券交易所,Shenzhen Stock Exchange,0.214
2026-01-30,000905,中证500,CSI 500,002340,格林美,Shenzhen Green Eco-manufacture Hi-tech Co Ltd,深圳证券交易所,Shenzhen Stock Exchange,0.435
2026-01-30,000905,中证500,CSI 500,002353,杰瑞股份,Yantai Jereh Oilfield Services Group Co Ltd,深圳证券交易所,Shenzhen Stock Exchange,0.514
2026-01-30,000905,中证500,CSI 500,002372,伟星新材,Zhejiang Weixing New Building Materials Co Ltd,深圳证券交易所,Shenzhen Stock Exchange,0.075
2026-01-30,000905,中证500,CSI 500,002385,大北农,Beijing Dabeinong Technology Group Co Ltd,深圳证券交易所,Shenzhen Stock Exchange,0.15
2026-01-30,000905,中证500,CSI 500,002402,和而泰,Shenzhen H&T Intelligent Control Co Ltd,深圳证券交易所,Shenzhen Stock Exchange,0.329
2026-01-30,000905,中证500,CSI 500,002409,雅克科技,Jiangsu Yoke Technology Co Ltd,深圳证券交易所,Shenzhen Stock Exchange,0.261
2026-01-30,000905,中证500,CSI 500,002410,广联达,Glodon Software Co Ltd,深圳证券交易所,Shenzhen Stock Exchange,0.216
2026-01-30,000905,中证500,CSI 500,002414,高德红外,Wuhan Guide Infrared Co Ltd,深圳证券交易所,Shenzhen Stock Exchange,0.269
2026-01-30,000905,中证500,CSI 500,002423,中粮资本,"COFCO CAPITAL HOLDINGS CO.,LTD.",深圳证券交易所,Shenzhen Stock Exchange,0.099
2026-01-30,000905,中证500,CSI 500,002429,兆驰股份,Shenzhen MTC Co Ltd,深圳证券交易所,Shenzhen Stock Exchange,0.208
2026-01-30,000905,中证500,CSI 500,002430,杭氧股份,"HANGZHOU OXYGEN PLANT GROUP CO., LTD.",深圳证券交易所,Shenzhen Stock Exchange,0.145
2026-01-30,000905,中证500,CSI 500,002432,九安医疗,Andon Health Co Ltd,深圳证券交易所,Shenzhen Stock Exchange,0.128
2026-01-30,000905,中证500,CSI 500,002436,兴森科技,Shenzhen Fastprint Circuit Tech Co Ltd,深圳证券交易所,Shenzhen Stock Exchange,0.38
2026-01-30,000905,中证500,CSI 500,002439,启明星辰,Beijing Venustech Inc.,深圳证券交易所,Shenzhen Stock Exchange,0.098
2026-01-30,000905,中证500,CSI 500,002444,巨星科技,Hangzhou Great Star Industrial Co Ltd,深圳证券交易所,Shenzhen Stock Exchange,0.234
2026-01-30,000905,中证500,CSI 500,002461,珠江啤酒,Guangzhou Zhujiang Brewery Co Ltd,深圳证券交易所,Shenzhen Stock Exchange,0.04
2026-01-30,000905,中证500,CSI 500,002465,海格通信,Guangzhou Haige Communications Group Incorporated Company,深圳证券交易所,Shenzhen Stock Exchange,0.329
2026-01-30,000905,中证500,CSI 500,002472,双环传动,Zhejiang Shuanghuan Driveline Co Ltd,深圳证券交易所,Shenzhen Stock Exchange,0.268
2026-01-30,000905,中证500,CSI 500,002500,山西证券,Shanxi Securities Co Ltd,深圳证券交易所,Shenzhen Stock Exchange,0.124
2026-01-30,000905,中证500,CSI 500,002508,老板电器,Hangzhou Robam Appliances Co Ltd,深圳证券交易所,Shenzhen Stock Exchange,0.094
2026-01-30,000905,中证500,CSI 500,002517,恺英网络,Taiya Shoes Co Ltd,深圳证券交易所,Shenzhen Stock Exchange,0.404
2026-01-30,000905,中证500,CSI 500,002532,天山铝业,"TIANSHAN ALUMINUM GROUP CO.,LTD.",深圳证券交易所,Shenzhen Stock Exchange,0.499
2026-01-30,000905,中证500,CSI 500,002558,巨人网络,"Giant Network Group Co., Ltd.",深圳证券交易所,Shenzhen Stock Exchange,0.565
2026-01-30,000905,中证500,CSI 500,002568,百润股份,"SHANGHAI BAIRUN INVESTMENT HOLDING GROUP CO.,LTD.",深圳证券交易所,Shenzhen Stock Exchange,0.101
2026-01-30,000905,中证500,CSI 500,002583,海能达,Hytera Communications Co Ltd,深圳证券交易所,Shenzhen Stock Exchange,0.113
2026-01-30,000905,中证500,CSI 500,002595,豪迈科技,Shandong Himile Mechanical Science & Technology Co Ltd,深圳证券交易所,Shenzhen Stock Exchange,0.316
2026-01-30,000905,中证500,CSI 500,002603,以岭药业,Shijiazhuang Yiling Pharmaceutical Co Ltd,深圳证券交易所,Shenzhen Stock Exchange,0.139
2026-01-30,000905,中证500,CSI 500,002607,中公教育,"Offcn Education Technology Co., Ltd.",深圳证券交易所,Shenzhen Stock Exchange,0.132
2026-01-30,000905,中证500,CSI 500,002608,江苏国信,Sainty Marine Corporation Ltd,深圳证券交易所,Shenzhen Stock Exchange,0.055
2026-01-30,000905,中证500,CSI 500,002624,完美世界,"Perfect World Co., Ltd.",深圳证券交易所,Shenzhen Stock Exchange,0.243
2026-01-30,000905,中证500,CSI 500,002670,国盛证券,GUOSHENG SECURITIES Inc.,深圳证券交易所,Shenzhen Stock Exchange,0.09
2026-01-30,000905,中证500,CSI 500,002673,西部证券,"WESTERN SECURITIES CO., LTD",深圳证券交易所,Shenzhen Stock Exchange,0.204
2026-01-30,000905,中证500,CSI 500,002683,广东宏大,"Guangdong Hongda Holdings Group Co., Ltd.",深圳证券交易所,Shenzhen Stock Exchange,0.213
2026-01-30,000905,中证500,CSI 500,002738,中矿资源,"Sinomine Resource Group Co., Ltd.",深圳证券交易所,Shenzhen Stock Exchange,0.585
2026-01-30,000905,中证500,CSI 500,002739,万达电影,"WANDA FILM HOLDING CO., LTD",深圳证券交易所,Shenzhen Stock Exchange,0.166
2026-01-30,000905,中证500,CSI 500,002756,永兴材料,"Yongxing Special Materials Technology Co.,Ltd.",深圳证券交易所,Shenzhen Stock Exchange,0.18
2026-01-30,000905,中证500,CSI 500,002773,康弘药业,"Chengdu Kanghong Pharmaceutical Group Co., Ltd",深圳证券交易所,Shenzhen Stock Exchange,0.103
2026-01-30,000905,中证500,CSI 500,002797,第一创业,"First Capital Securities Co., Ltd.",深圳证券交易所,Shenzhen Stock Exchange,0.276
2026-01-30,000905,中证500,CSI 500,002821,凯莱英,"Asymchem Laboratories (Tianjin) Co., Ltd.",深圳证券交易所,Shenzhen Stock Exchange,0.188
2026-01-30,000905,中证500,CSI 500,002831,裕同科技,"ShenZhen YUTO Packaging Technology Co., Ltd.",深圳证券交易所,Shenzhen Stock Exchange,0.101
2026-01-30,000905,中证500,CSI 500,002837,英维克,"SHENZHEN ENVICOOL TECHNOLOGY CO.,LTD.",深圳证券交易所,Shenzhen Stock Exchange,0.59
2026-01-30,000905,中证500,CSI 500,002841,视源股份,Guangzhou Shiyuan Electronic Technology Company Limited,深圳证券交易所,Shenzhen Stock Exchange,0.156
2026-01-30,000905,中证500,CSI 500,002850,科达利,"Shenzhen Kedali Industry Co., Ltd.",深圳证券交易所,Shenzhen Stock Exchange,0.281
2026-01-30,000905,中证500,CSI 500,002851,麦格米特,"Shenzhen Megmeet Electrical Co., Ltd.",深圳证券交易所,Shenzhen Stock Exchange,0.531
2026-01-30,000905,中证500,CSI 500,002926,华西证券,"Huaxi Securities Co., Ltd.",深圳证券交易所,Shenzhen Stock Exchange,0.138
2026-01-30,000905,中证500,CSI 500,002939,长城证券,"CHINA GREAT WALL SECURITIES CO., LTD.",深圳证券交易所,Shenzhen Stock Exchange,0.151
2026-01-30,000905,中证500,CSI 500,002945,华林证券,"ChinaLin Securities Co., Ltd.",深圳证券交易所,Shenzhen Stock Exchange,0.046
2026-01-30,000905,中证500,CSI 500,002958,青农商行,Qingdao Rural Commercial Bank Corporation,深圳证券交易所,Shenzhen Stock Exchange,0.132
2026-01-30,000905,中证500,CSI 500,002966,苏州银行,"BANK OF SUZHOU CO., LTD.",深圳证券交易所,Shenzhen Stock Exchange,0.349
2026-01-30,000905,中证500,CSI 500,002984,森麒麟,"QINGDAO SENTURY TIRE CO., LTD.",深圳证券交易所,Shenzhen Stock Exchange,0.121
2026-01-30,000905,中证500,CSI 500,003021,兆威机电,"SHENZHEN ZHAOWEI MACHINERY&ELECTRONIC CO.,LTD",深圳证券交易所,Shenzhen Stock Exchange,0.107
2026-01-30,000905,中证500,CSI 500,003022,联泓新科,Levima Advanced Materials Corporation,深圳证券交易所,Shenzhen Stock Exchange,0.081
2026-01-30,000905,中证500,CSI 500,003031,中瓷电子,"HEBEI SINOPACK ELECTRONIC TECHNOLOGY CO.,LTD.",深圳证券交易所,Shenzhen Stock Exchange,0.136
2026-01-30,000905,中证500,CSI 500,003035,南网能源,"China Southern Power Grid Energy Efficiency&Clean Energy Co.,Ltd.",深圳证券交易所,Shenzhen Stock Exchange,0.067
2026-01-30,000905,中证500,CSI 500,300001,特锐德,Qingdao TGOOD Electric Co Ltd,深圳证券交易所,Shenzhen Stock Exchange,0.189
2026-01-30,000905,中证500,CSI 500,300002,神州泰岳,Beijing Ultrapower Software Co Ltd,深圳证券交易所,Shenzhen Stock Exchange,0.228
2026-01-30,000905,中证500,CSI 500,300003,乐普医疗,Lepu Medical Technology (Beijing) Co Ltd,深圳证券交易所,Shenzhen Stock Exchange,0.219
2026-01-30,000905,中证500,CSI 500,300012,华测检测,"CENTRE TESTING INTERNATIONAL GROUP CO., LTD.",深圳证券交易所,Shenzhen Stock Exchange,0.248
2026-01-30,000905,中证500,CSI 500,300017,网宿科技,"Wangsu Science and Technology Co.,Ltd.",深圳证券交易所,Shenzhen Stock Exchange,0.386
2026-01-30,000905,中证500,CSI 500,300024,机器人,Siasun Robot & Automation Co Ltd,深圳证券交易所,Shenzhen Stock Exchange,0.206
2026-01-30,000905,中证500,CSI 500,300037,新宙邦,Shenzhen Capchem Technology Co Ltd,深圳证券交易所,Shenzhen Stock Exchange,0.252
2026-01-30,000905,中证500,CSI 500,300054,鼎龙股份,"Hubei Dinglong CO.,Ltd.",深圳证券交易所,Shenzhen Stock Exchange,0.319
2026-01-30,000905,中证500,CSI 500,300058,蓝色光标,"Bluefocus Data Technology Co., Ltd.",深圳证券交易所,Shenzhen Stock Exchange,0.795
2026-01-30,000905,中证500,CSI 500,300070,碧水源,Beijing Originwater Technology Co Ltd,深圳证券交易所,Shenzhen Stock Exchange,0.083
2026-01-30,000905,中证500,CSI 500,300073,当升科技,Beijing Easpring Material Technology Co Ltd,深圳证券交易所,Shenzhen Stock Exchange,0.236
2026-01-30,000905,中证500,CSI 500,300100,双林股份,"Shuanglin Co.,Ltd.",深圳证券交易所,Shenzhen Stock Exchange,0.117
2026-01-30,000905,中证500,CSI 500,300115,长盈精密,Shenzhen Evenwin Precision Technology Co Ltd,深圳证券交易所,Shenzhen Stock Exchange,0.348
2026-01-30,000905,中证500,CSI 500,300136,信维通信,Shenzhen Sunway Communication Co Ltd,深圳证券交易所,Shenzhen Stock Exchange,0.735
2026-01-30,000905,中证500,CSI 500,300140,节能环境,"CECEP ENVIRONMENTAL PROTECTION CO.,LTD.",深圳证券交易所,Shenzhen Stock Exchange,0.042
2026-01-30,000905,中证500,CSI 500,300142,沃森生物,Walvax Biotechnology Co Ltd,深圳证券交易所,Shenzhen Stock Exchange,0.192
2026-01-30,000905,中证500,CSI 500,300144,宋城演艺,"SONGCHENG PERFORMANCE DEVELOPMENT CO., LTD.",深圳证券交易所,Shenzhen Stock Exchange,0.127
2026-01-30,000905,中证500,CSI 500,300146,汤臣倍健,"BY-HEALTH CO., LTD",深圳证券交易所,Shenzhen Stock Exchange,0.117
2026-01-30,000905,中证500,CSI 500,300207,欣旺达,Sunwoda Electronic Co Ltd,深圳证券交易所,Shenzhen Stock Exchange,0.328
2026-01-30,000905,中证500,CSI 500,300223,北京君正,Ingenic Semiconductor Co Ltd,深圳证券交易所,Shenzhen Stock Exchange,0.461
2026-01-30,000905,中证500,CSI 500,300285,国瓷材料,"Shandong Sinocera Functional Material Co., Ltd",深圳证券交易所,Shenzhen Stock Exchange,0.226
2026-01-30,000905,中证500,CSI 500,300339,润和软件,"Jiangsu Hoperun Software Co., Ltd.",深圳证券交易所,Shenzhen Stock Exchange,0.378
2026-01-30,000905,中证500,CSI 500,300346,南大光电,"Jiangsu Nata Opto-electronic Material Co.,Ltd",深圳证券交易所,Shenzhen Stock Exchange,0.362
2026-01-30,000905,中证500,CSI 500,300373,扬杰科技,"Yangzhou Yangjie Electronic Technology Co.,Ltd",深圳证券交易所,Shenzhen Stock Exchange,0.268
2026-01-30,000905,中证500,CSI 500,300383,光环新网,"Beijing Sinnet Technology Co., Ltd.",深圳证券交易所,Shenzhen Stock Exchange,0.209
2026-01-30,000905,中证500,CSI 500,300390,天华新能,"Canmax Technologies Co., Ltd.",深圳证券交易所,Shenzhen Stock Exchange,0.254
2026-01-30,000905,中证500,CSI 500,300395,菲利华,HUBEI FEILIHUA QUARTZ GLASS CO.LTD,深圳证券交易所,Shenzhen Stock Exchange,0.381
2026-01-30,000905,中证500,CSI 500,300432,富临精工,"Mianyang Fulin Precision Co.,Ltd.",深圳证券交易所,Shenzhen Stock Exchange,0.165
2026-01-30,000905,中证500,CSI 500,300450,先导智能,"WUXI LEAD INTELLIGENT EQUIPMENT CO., LTD.",深圳证券交易所,Shenzhen Stock Exchange,0.6
2026-01-30,000905,中证500,CSI 500,300454,深信服,Sangfor Technologies Inc.,深圳证券交易所,Shenzhen Stock Exchange,0.385
2026-01-30,000905,中证500,CSI 500,300458,全志科技,"All Winner Technology Co., Ltd.",深圳证券交易所,Shenzhen Stock Exchange,0.252
2026-01-30,000905,中证500,CSI 500,300474,景嘉微,"Changsha Jingjia Microelectronics Co., Ltd.",深圳证券交易所,Shenzhen Stock Exchange,0.258
2026-01-30,000905,中证500,CSI 500,300487,蓝晓科技,"SUNRESIN NEW MATERIALS CO.,LTD, XI' AN",深圳证券交易所,Shenzhen Stock Exchange,0.162
2026-01-30,000905,中证500,CSI 500,300496,中科创达,"Thunder Software Technology Co., Ltd.",深圳证券交易所,Shenzhen Stock Exchange,0.263
2026-01-30,000905,中证500,CSI 500,300529,健帆生物,"Jafron Biomedical Co.,Ltd.",深圳证券交易所,Shenzhen Stock Exchange,0.091
2026-01-30,000905,中证500,CSI 500,300558,贝达药业,"Betta Pharmaceuticals Co.,Ltd",深圳证券交易所,Shenzhen Stock Exchange,0.113
2026-01-30,000905,中证500,CSI 500,300567,精测电子,"Wuhan Jingce Electronic Technology Co., Ltd.",深圳证券交易所,Shenzhen Stock Exchange,0.246
2026-01-30,000905,中证500,CSI 500,300570,太辰光,"T&S Communications Co., Ltd.",深圳证券交易所,Shenzhen Stock Exchange,0.189
2026-01-30,000905,中证500,CSI 500,300601,康泰生物,"Shenzhen Kangtai Biological Products Co., Ltd.",深圳证券交易所,Shenzhen Stock Exchange,0.099
2026-01-30,000905,中证500,CSI 500,300604,长川科技,"Hangzhou Chang Chuan Technology Co.,Ltd.",深圳证券交易所,Shenzhen Stock Exchange,0.537
2026-01-30,000905,中证500,CSI 500,300623,捷捷微电,"Jiangsu Jiejie Microelectronics Co., Ltd",深圳证券交易所,Shenzhen Stock Exchange,0.166
2026-01-30,000905,中证500,CSI 500,300627,华测导航,SHANGHAI HUACE NAVIGATION TECHNOLOGY LTD,深圳证券交易所,Shenzhen Stock Exchange,0.203
2026-01-30,000905,中证500,CSI 500,300676,华大基因,"BGI Genomics Co., Ltd",深圳证券交易所,Shenzhen Stock Exchange,0.14
2026-01-30,000905,中证500,CSI 500,300677,英科医疗,"Intco Medical Technology Co.,Ltd.",深圳证券交易所,Shenzhen Stock Exchange,0.182
2026-01-30,000905,中证500,CSI 500,300679,电连技术,"Electric Connector Technology Co., Ltd.",深圳证券交易所,Shenzhen Stock Exchange,0.12
2026-01-30,000905,中证500,CSI 500,300699,光威复材,"Weihai Guangwei Composites Co.,Ltd.",深圳证券交易所,Shenzhen Stock Exchange,0.22
2026-01-30,000905,中证500,CSI 500,300718,长盛轴承,"Zhejiang Changsheng Sliding Bearings Co., Ltd.",深圳证券交易所,Shenzhen Stock Exchange,0.091
2026-01-30,000905,中证500,CSI 500,300724,捷佳伟创,Shenzhen S.C New Energy Technology Corporation,深圳证券交易所,Shenzhen Stock Exchange,0.364
2026-01-30,000905,中证500,CSI 500,300735,光弘科技,"DBG Technology Co., Ltd.",深圳证券交易所,Shenzhen Stock Exchange,0.109
2026-01-30,000905,中证500,CSI 500,300748,金力永磁,"JL MAG RARE-EARTH CO., LTD.",深圳证券交易所,Shenzhen Stock Exchange,0.244
2026-01-30,000905,中证500,CSI 500,300751,迈为股份,"Suzhou Maxwell Technologies Co., Ltd.",深圳证券交易所,Shenzhen Stock Exchange,0.494
2026-01-30,000905,中证500,CSI 500,300757,罗博特科,"RoboTechnik Intelligent Technology Co., LTD",深圳证券交易所,Shenzhen Stock Exchange,0.362
2026-01-30,000905,中证500,CSI 500,300763,锦浪科技,"Ginlong Technologies Co., Ltd.",深圳证券交易所,Shenzhen Stock Exchange,0.188
2026-01-30,000905,中证500,CSI 500,300857,协创数据,"SHARETRONIC DATA TECHNOLOGY CO.,LTD.",深圳证券交易所,Shenzhen Stock Exchange,0.524
2026-01-30,000905,中证500,CSI 500,300888,稳健医疗,"Winner Medical Co., Ltd.",深圳证券交易所,Shenzhen Stock Exchange,0.078
2026-01-30,000905,中证500,CSI 500,300919,中伟新材,"CNGR Advanced Material Co.,Ltd.",深圳证券交易所,Shenzhen Stock Exchange,0.244
2026-01-30,000905,中证500,CSI 500,300957,贝泰妮,"Yunnan Botanee Bio-Technology Group Co., Ltd.",深圳证券交易所,Shenzhen Stock Exchange,0.084
2026-01-30,000905,中证500,CSI 500,300972,万辰集团,"Fujian Wanchen Food Group Co., Ltd.",深圳证券交易所,Shenzhen Stock Exchange,0.181
2026-01-30,000905,中证500,CSI 500,301200,大族数控,"Shenzhen Han's CNC Technology Co., Ltd.",深圳证券交易所,Shenzhen Stock Exchange,0.097
2026-01-30,000905,中证500,CSI 500,301301,川宁生物,"Yili Chuanning Biotechnology Co., Ltd.",深圳证券交易所,Shenzhen Stock Exchange,0.069
2026-01-30,000905,中证500,CSI 500,301308,江波龙,"Shenzhen Longsys Electronics Co., Ltd.",深圳证券交易所,Shenzhen Stock Exchange,0.534
2026-01-30,000905,中证500,CSI 500,301358,湖南裕能,"Hunan Yuneng New Energy Battery Material Co.,Ltd.",深圳证券交易所,Shenzhen Stock Exchange,0.272
2026-01-30,000905,中证500,CSI 500,301498,乖宝宠物,"Gambol Pet Group Co., Ltd.",深圳证券交易所,Shenzhen Stock Exchange,0.076
2026-01-30,000905,中证500,CSI 500,301536,星宸科技,SigmaStar Technology Ltd.,深圳证券交易所,Shenzhen Stock Exchange,0.111
2026-01-30,000905,中证500,CSI 500,301611,珂玛科技,"Suzhou Kematek, Inc.",深圳证券交易所,Shenzhen Stock Exchange,0.21
2026-01-30,000905,中证500,CSI 500,600004,白云机场,Guangzhou Baiyun International Airport Co Ltd,上海证券交易所,Shanghai Stock Exchange,0.093
2026-01-30,000905,中证500,CSI 500,600007,中国国贸,China World Trade Center Co Ltd,上海证券交易所,Shanghai Stock Exchange,0.039
2026-01-30,000905,中证500,CSI 500,600008,首创环保,"Beijing Capital Eco-Environment Protection GroupCo.,Ltd.",上海证券交易所,Shanghai Stock Exchange,0.129
2026-01-30,000905,中证500,CSI 500,600021,上海电力,Shanghai Electric Power Co Ltd,上海证券交易所,Shanghai Stock Exchange,0.285
2026-01-30,000905,中证500,CSI 500,600032,浙江新能,"Zhejiang Provincial New Energy Investment Group Co., Ltd.",上海证券交易所,Shanghai Stock Exchange,0.054
2026-01-30,000905,中证500,CSI 500,600038,中直股份,"AVIC Helicopter Co.,Ltd.",上海证券交易所,Shanghai Stock Exchange,0.142
2026-01-30,000905,中证500,CSI 500,600060,海信视像,"Hisense Visual Technology Co., Ltd.",上海证券交易所,Shanghai Stock Exchange,0.185
2026-01-30,000905,中证500,CSI 500,600062,华润双鹤,"CHINA RESOURCES DOUBLE-CRANE PHARMACEUTICAL CO.,LTD.",上海证券交易所,Shanghai Stock Exchange,0.074
2026-01-30,000905,中证500,CSI 500,600095,湘财股份,"XIANGCAI CO.,LTD",上海证券交易所,Shanghai Stock Exchange,0.119
2026-01-30,000905,中证500,CSI 500,600096,云天化,Yunnan Yuntianhua Co Ltd,上海证券交易所,Shanghai Stock Exchange,0.462
2026-01-30,000905,中证500,CSI 500,600098,广州发展,Guangzhou Development Group Incorporated,上海证券交易所,Shanghai Stock Exchange,0.071
2026-01-30,000905,中证500,CSI 500,600109,国金证券,Sinolink Securities Co. Ltd.,上海证券交易所,Shanghai Stock Exchange,0.229
2026-01-30,000905,中证500,CSI 500,600118,中国卫星,China Spacesat Co Ltd,上海证券交易所,Shanghai Stock Exchange,0.512
2026-01-30,000905,中证500,CSI 500,600126,杭钢股份,Hang Zhou Iron & Steel Co Ltd,上海证券交易所,Shanghai Stock Exchange,0.115
2026-01-30,000905,中证500,CSI 500,600131,国网信通,"State Grid Information&Communication Co.,Ltd.",上海证券交易所,Shanghai Stock Exchange,0.11
2026-01-30,000905,中证500,CSI 500,600132,重庆啤酒,Chongqing Brewery Co Ltd,上海证券交易所,Shanghai Stock Exchange,0.12
2026-01-30,000905,中证500,CSI 500,600141,兴发集团,Hubei Xingfa Chemicals Group Co Ltd,上海证券交易所,Shanghai Stock Exchange,0.297
2026-01-30,000905,中证500,CSI 500,600143,金发科技,Kingfa Sci&Tech Co Ltd,上海证券交易所,Shanghai Stock Exchange,0.383
2026-01-30,000905,中证500,CSI 500,600153,建发股份,Xiamen C&D Inc,上海证券交易所,Shanghai Stock Exchange,0.157
2026-01-30,000905,中证500,CSI 500,600157,永泰能源,"WINTIME ENERGY GROUP CO.,LTD.",上海证券交易所,Shanghai Stock Exchange,0.35
2026-01-30,000905,中证500,CSI 500,600166,福田汽车,Beiqi Foton Motor Co Ltd,上海证券交易所,Shanghai Stock Exchange,0.133
2026-01-30,000905,中证500,CSI 500,600170,上海建工,Shanghai Construction Co Ltd,上海证券交易所,Shanghai Stock Exchange,0.151
2026-01-30,000905,中证500,CSI 500,600171,上海贝岭,Shanghai Belling Corp Ltd,上海证券交易所,Shanghai Stock Exchange,0.177
2026-01-30,000905,中证500,CSI 500,600177,雅戈尔,Youngor Group Co Ltd,上海证券交易所,Shanghai Stock Exchange,0.161
2026-01-30,000905,中证500,CSI 500,600208,衢州发展,"Quzhou Xin'an Development Co.,Ltd.",上海证券交易所,Shanghai Stock Exchange,0.149
2026-01-30,000905,中证500,CSI 500,600282,南钢股份,Nanjing Iron & Steel Co Ltd,上海证券交易所,Shanghai Stock Exchange,0.136
2026-01-30,000905,中证500,CSI 500,600295,鄂尔多斯,"Inner Mongolia Eerduosi Resources Co.,Ltd.",上海证券交易所,Shanghai Stock Exchange,0.089
2026-01-30,000905,中证500,CSI 500,600298,安琪酵母,Angel Yeast Co Ltd,上海证券交易所,Shanghai Stock Exchange,0.241
2026-01-30,000905,中证500,CSI 500,600299,安迪苏,Bluestar Adisseo Company,上海证券交易所,Shanghai Stock Exchange,0.036
2026-01-30,000905,中证500,CSI 500,600312,平高电气,Henan Pinggao Electric Co Ltd,上海证券交易所,Shanghai Stock Exchange,0.164
2026-01-30,000905,中证500,CSI 500,600316,洪都航空,Jiangxi Hongdu Aviation Industry Co Ltd,上海证券交易所,Shanghai Stock Exchange,0.171
2026-01-30,000905,中证500,CSI 500,600329,达仁堂,Tianjin Pharmaceutical Da Ren Tang Group Corporation Limited,上海证券交易所,Shanghai Stock Exchange,0.12
2026-01-30,000905,中证500,CSI 500,600332,白云山,GUANGZHOU BAIYUNSHAN PHARMACEUTICAL HOLDINGS COMPANY LIMITED,上海证券交易所,Shanghai Stock Exchange,0.168
2026-01-30,000905,中证500,CSI 500,600339,中油工程,China Petroleum Engineering Corporation,上海证券交易所,Shanghai Stock Exchange,0.066
2026-01-30,000905,中证500,CSI 500,600348,华阳股份,"Shan Xi Hua Yang Group New Energy Co.,Ltd.",上海证券交易所,Shanghai Stock Exchange,0.162
2026-01-30,000905,中证500,CSI 500,600352,浙江龙盛,Zhejiang Longsheng Group Co Ltd,上海证券交易所,Shanghai Stock Exchange,0.376
2026-01-30,000905,中证500,CSI 500,600363,联创光电,Jiangxi Lianchuang Optoelectronic Science and Technology Co Ltd,上海证券交易所,Shanghai Stock Exchange,0.216
2026-01-30,000905,中证500,CSI 500,600369,西南证券,Southwest Securities Co Ltd,上海证券交易所,Shanghai Stock Exchange,0.173
2026-01-30,000905,中证500,CSI 500,600378,昊华科技,"Haohua Chemical Science & Technology Corp., Ltd.",上海证券交易所,Shanghai Stock Exchange,0.182
2026-01-30,000905,中证500,CSI 500,600380,健康元,Joincare Pharmaceutical Group Industry Co Ltd,上海证券交易所,Shanghai Stock Exchange,0.122
2026-01-30,000905,中证500,CSI 500,600390,五矿资本,Minmetals Capital Company Limited,上海证券交易所,Shanghai Stock Exchange,0.123
2026-01-30,000905,中证500,CSI 500,600392,盛和资源,"Shenghe Resources Holding Co.,Ltd.",上海证券交易所,Shanghai Stock Exchange,0.36
2026-01-30,000905,中证500,CSI 500,600398,海澜之家,"Heilan Home Co.,Ltd",上海证券交易所,Shanghai Stock Exchange,0.14
2026-01-30,000905,中证500,CSI 500,600435,北方导航,"North Navigation Control Technology Co., Ltd.",上海证券交易所,Shanghai Stock Exchange,0.166
2026-01-30,000905,中证500,CSI 500,600483,福能股份,"FUJIAN FUNENG CO., LTD",上海证券交易所,Shanghai Stock Exchange,0.096
2026-01-30,000905,中证500,CSI 500,600486,扬农化工,Jiangsu Yangnong Chemical Co Ltd,上海证券交易所,Shanghai Stock Exchange,0.186
2026-01-30,000905,中证500,CSI 500,600487,亨通光电,"Hengtong Optic-Electric Co.,Ltd",上海证券交易所,Shanghai Stock Exchange,0.655
2026-01-30,000905,中证500,CSI 500,600497,驰宏锌锗,Yunnan Chihong Zinc&Germanium Co Ltd,上海证券交易所,Shanghai Stock Exchange,0.282
2026-01-30,000905,中证500,CSI 500,600498,烽火通信,Fiberhome Telecommunication Technologies Co Ltd,上海证券交易所,Shanghai Stock Exchange,0.307
2026-01-30,000905,中证500,CSI 500,600499,科达制造,"Keda Industrial Group Co., Ltd.",上海证券交易所,Shanghai Stock Exchange,0.193
2026-01-30,000905,中证500,CSI 500,600511,国药股份,China National Medicines Corp Ltd,上海证券交易所,Shanghai Stock Exchange,0.104
2026-01-30,000905,中证500,CSI 500,600516,方大炭素,"Fangda Carbon New Material Co.,Ltd",上海证券交易所,Shanghai Stock Exchange,0.154
2026-01-30,000905,中证500,CSI 500,600517,国网英大,"STATE GRID YINGDA CO.,LTD.",上海证券交易所,Shanghai Stock Exchange,0.109
2026-01-30,000905,中证500,CSI 500,600521,华海药业,Zhejiang Huahai Pharmaceutical Co Ltd,上海证券交易所,Shanghai Stock Exchange,0.156
2026-01-30,000905,中证500,CSI 500,600528,中铁工业,China Railway Hi-tech Industry Corporation Limited,上海证券交易所,Shanghai Stock Exchange,0.088
2026-01-30,000905,中证500,CSI 500,600535,天士力,"TASLY PHARMACEUTICAL GROUP CO.,LTD",上海证券交易所,Shanghai Stock Exchange,0.107
2026-01-30,000905,中证500,CSI 500,600536,中国软件,China National Software & Service Co Ltd,上海证券交易所,Shanghai Stock Exchange,0.24
2026-01-30,000905,中证500,CSI 500,600546,山煤国际,"Shanxi Coal International Energy Group Co., Ltd",上海证券交易所,Shanghai Stock Exchange,0.106
2026-01-30,000905,中证500,CSI 500,600549,厦门钨业,Xiamen Tungsten Co Ltd,上海证券交易所,Shanghai Stock Exchange,0.596
2026-01-30,000905,中证500,CSI 500,600562,国睿科技,"Glarun Technology Co.,Ltd.",上海证券交易所,Shanghai Stock Exchange,0.137
2026-01-30,000905,中证500,CSI 500,600563,法拉电子,"Xiamen Faratronic Co.,Ltd.",上海证券交易所,Shanghai Stock Exchange,0.139
2026-01-30,000905,中证500,CSI 500,600566,济川药业,"HUBEI JUMPCAN PHARMACEUTICAL CO., LTD.",上海证券交易所,Shanghai Stock Exchange,0.091
2026-01-30,000905,中证500,CSI 500,600578,京能电力,"BEIJING JINGNENG POWER CO., LTD.",上海证券交易所,Shanghai Stock Exchange,0.101
2026-01-30,000905,中证500,CSI 500,600580,卧龙电驱,"Wolong Electric Group Co.,Ltd",上海证券交易所,Shanghai Stock Exchange,0.456
2026-01-30,000905,中证500,CSI 500,600582,天地科技,Tiandi Science & Technology Co Ltd,上海证券交易所,Shanghai Stock Exchange,0.095
2026-01-30,000905,中证500,CSI 500,600583,海油工程,Offshore Oil Engineering Co Ltd,上海证券交易所,Shanghai Stock Exchange,0.14
2026-01-30,000905,中证500,CSI 500,600598,北大荒,Heilongjiang Agriculture Co Ltd,上海证券交易所,Shanghai Stock Exchange,0.118
2026-01-30,000905,中证500,CSI 500,600601,方正科技,Founder Technology Group Corp.,上海证券交易所,Shanghai Stock Exchange,0.32
2026-01-30,000905,中证500,CSI 500,600602,云赛智联,INESA Intelligent Tech Inc.,上海证券交易所,Shanghai Stock Exchange,0.13
2026-01-30,000905,中证500,CSI 500,600606,绿地控股,Greenland Holdings Corporation Limited,上海证券交易所,Shanghai Stock Exchange,0.066
2026-01-30,000905,中证500,CSI 500,600637,东方明珠,"Shanghai Oriental Pearl Media Co., Ltd.",上海证券交易所,Shanghai Stock Exchange,0.217
2026-01-30,000905,中证500,CSI 500,600642,申能股份,Shenergy Co Ltd,上海证券交易所,Shanghai Stock Exchange,0.155
2026-01-30,000905,中证500,CSI 500,600655,豫园股份,"SHANGHAI YUYUAN TOURIST MART (GROUP) CO., LTD.",上海证券交易所,Shanghai Stock Exchange,0.103
2026-01-30,000905,中证500,CSI 500,600663,陆家嘴,Shanghai Lujiazui Finance and Trade Zone Development Co Ltd,上海证券交易所,Shanghai Stock Exchange,0.092
2026-01-30,000905,中证500,CSI 500,600673,东阳光,"GUANGDONG HEC TECHNOLOGY HOLDING CO., LTD",上海证券交易所,Shanghai Stock Exchange,0.389
2026-01-30,000905,中证500,CSI 500,600685,中船防务,CSSC OFFSHORE & MARINE ENGINEERING (GROUP) COMPANY LIMITED,上海证券交易所,Shanghai Stock Exchange,0.122
2026-01-30,000905,中证500,CSI 500,600688,上海石化,Sinopec Shanghai Petrochemical Co Ltd,上海证券交易所,Shanghai Stock Exchange,0.068
2026-01-30,000905,中证500,CSI 500,600699,均胜电子,Ningbo Joyson Electronic Corp.,上海证券交易所,Shanghai Stock Exchange,0.259
2026-01-30,000905,中证500,CSI 500,600704,物产中大,Zhejiang Material Industrial Zhongda Yuantong Group Co Ltd,上海证券交易所,Shanghai Stock Exchange,0.172
2026-01-30,000905,中证500,CSI 500,600707,彩虹股份,Irico Display Devices Co Ltd,上海证券交易所,Shanghai Stock Exchange,0.091
2026-01-30,000905,中证500,CSI 500,600720,中交设计,"CCCC Design & Consulting Group Co., Ltd.",上海证券交易所,Shanghai Stock Exchange,0.065
2026-01-30,000905,中证500,CSI 500,600737,中粮糖业,"COFCO SUGAR HOLDING CO.,LTD.",上海证券交易所,Shanghai Stock Exchange,0.18
2026-01-30,000905,中证500,CSI 500,600739,辽宁成大,Liaoning Cheng Da Co Ltd,上海证券交易所,Shanghai Stock Exchange,0.109
2026-01-30,000905,中证500,CSI 500,600754,锦江酒店,"Shanghai Jin Jiang International Hotels Co.,Ltd.",上海证券交易所,Shanghai Stock Exchange,0.118
2026-01-30,000905,中证500,CSI 500,600763,通策医疗,TOPCHOICE MEDICAL CORPORATION,上海证券交易所,Shanghai Stock Exchange,0.137
2026-01-30,000905,中证500,CSI 500,600764,中国海防,China Shipbuilding Industry Group and Marine Defense Information Against Limited,上海证券交易所,Shanghai Stock Exchange,0.072
2026-01-30,000905,中证500,CSI 500,600765,中航重机,Avic Heavy Machinery Co Ltd,上海证券交易所,Shanghai Stock Exchange,0.196
2026-01-30,000905,中证500,CSI 500,600801,华新建材,"HUAXIN BUILDING MATERIALS GROUP CO., LTD.",上海证券交易所,Shanghai Stock Exchange,0.159
2026-01-30,000905,中证500,CSI 500,600808,马钢股份,Maanshan Iron and Steel Co Ltd,上海证券交易所,Shanghai Stock Exchange,0.095
2026-01-30,000905,中证500,CSI 500,600816,建元信托,"J-Yuan Trust Co.,Ltd.",上海证券交易所,Shanghai Stock Exchange,0.107
2026-01-30,000905,中证500,CSI 500,600820,隧道股份,Shanghai Tunnel Engineering Co Ltd,上海证券交易所,Shanghai Stock Exchange,0.142
2026-01-30,000905,中证500,CSI 500,600848,上海临港,Shanghai Lingang Holdings Corporation Limited,上海证券交易所,Shanghai Stock Exchange,0.107
2026-01-30,000905,中证500,CSI 500,600862,中航高科,"Avic Aviation High-Technology Co., Ltd.",上海证券交易所,Shanghai Stock Exchange,0.191
2026-01-30,000905,中证500,CSI 500,600863,内蒙华电,Inner Mongolia Mengdian Huaneng Thermal Power Corp Ltd,上海证券交易所,Shanghai Stock Exchange,0.169
2026-01-30,000905,中证500,CSI 500,600871,石化油服,Sinopec Oilfield Service Corporation,上海证券交易所,Shanghai Stock Exchange,0.131
2026-01-30,000905,中证500,CSI 500,600873,梅花生物,"Meihua Holdings Group Co., Ltd",上海证券交易所,Shanghai Stock Exchange,0.205
2026-01-30,000905,中证500,CSI 500,600879,航天电子,"China Aerospace Times Electronics Co.,Ltd.",上海证券交易所,Shanghai Stock Exchange,0.645
2026-01-30,000905,中证500,CSI 500,600884,杉杉股份,Ningbo Shanshan Co Ltd,上海证券交易所,Shanghai Stock Exchange,0.22
2026-01-30,000905,中证500,CSI 500,600885,宏发股份,"Hongfa Technology Co., Ltd.",上海证券交易所,Shanghai Stock Exchange,0.338
2026-01-30,000905,中证500,CSI 500,600901,江苏金租,"Jiangsu Financial Leasing Co.,Ltd.",上海证券交易所,Shanghai Stock Exchange,0.14
2026-01-30,000905,中证500,CSI 500,600906,财达证券,"CAIDA SECURITIES CO., LTD.",上海证券交易所,Shanghai Stock Exchange,0.084
2026-01-30,000905,中证500,CSI 500,600909,华安证券,"HUAAN SECURITIES CO., LTD.",上海证券交易所,Shanghai Stock Exchange,0.19
2026-01-30,000905,中证500,CSI 500,600927,永安期货,"Yongan Futures Co., Ltd.",上海证券交易所,Shanghai Stock Exchange,0.044
2026-01-30,000905,中证500,CSI 500,600959,江苏有线,Jiangsu Broadcasting Cable Information Network Corporation Limited,上海证券交易所,Shanghai Stock Exchange,0.103
2026-01-30,000905,中证500,CSI 500,600967,内蒙一机,"Inner Mongolia First Machinery Group Co.,Ltd.",上海证券交易所,Shanghai Stock Exchange,0.136
2026-01-30,000905,中证500,CSI 500,600968,海油发展,CNOOC Energy Technology & Services Limited,上海证券交易所,Shanghai Stock Exchange,0.087
2026-01-30,000905,中证500,CSI 500,600970,中材国际,Sinoma International Engineering Co Ltd,上海证券交易所,Shanghai Stock Exchange,0.142
2026-01-30,000905,中证500,CSI 500,600977,中国电影,"CHINA FILM CO., LTD.",上海证券交易所,Shanghai Stock Exchange,0.126
2026-01-30,000905,中证500,CSI 500,600985,淮北矿业,"Huaibei Mining Holdings Co.,Ltd.",上海证券交易所,Shanghai Stock Exchange,0.128
2026-01-30,000905,中证500,CSI 500,600988,赤峰黄金,"Chifeng Jilong Gold Mining Co.,Ltd.",上海证券交易所,Shanghai Stock Exchange,0.682
2026-01-30,000905,中证500,CSI 500,600995,南网储能,"China Southern Power Grid Energy Storage Co.,Ltd",上海证券交易所,Shanghai Stock Exchange,0.123
2026-01-30,000905,中证500,CSI 500,600998,九州通,Jointown Pharmaceutical Group Co Ltd,上海证券交易所,Shanghai Stock Exchange,0.127
2026-01-30,000905,中证500,CSI 500,601000,唐山港,Tangshan Port Group Co Ltd,上海证券交易所,Shanghai Stock Exchange,0.12
2026-01-30,000905,中证500,CSI 500,601001,晋控煤业,"Jinneng Holding Shanxi Coal Industry Co.,Ltd",上海证券交易所,Shanghai Stock Exchange,0.121
2026-01-30,000905,中证500,CSI 500,601016,节能风电,CECEP Wind-Power Corporation,上海证券交易所,Shanghai Stock Exchange,0.113
2026-01-30,000905,中证500,CSI 500,601019,山东出版,"Shandong Publishing&Media Co.,Ltd",上海证券交易所,Shanghai Stock Exchange,0.055
2026-01-30,000905,中证500,CSI 500,601061,中信金属,"CITIC Metal Co., Ltd",上海证券交易所,Shanghai Stock Exchange,0.076
2026-01-30,000905,中证500,CSI 500,601098,中南传媒,China South Publishing & Media Group Co Ltd,上海证券交易所,Shanghai Stock Exchange,0.075
2026-01-30,000905,中证500,CSI 500,601099,太平洋,The Pacific Securities Co.Ltd,上海证券交易所,Shanghai Stock Exchange,0.272
2026-01-30,000905,中证500,CSI 500,601106,中国一重,China First Heavy Industries Co Ltd,上海证券交易所,Shanghai Stock Exchange,0.167
2026-01-30,000905,中证500,CSI 500,601108,财通证券,"CAITONG SECURITIES CO.,LTD.",上海证券交易所,Shanghai Stock Exchange,0.287
2026-01-30,000905,中证500,CSI 500,601118,海南橡胶,China Hainan Rubber Industry Group Co Ltd,上海证券交易所,Shanghai Stock Exchange,0.119
2026-01-30,000905,中证500,CSI 500,601128,常熟银行,"Jiangsu Changshu Rural Commercial Bank Co., Ltd.",上海证券交易所,Shanghai Stock Exchange,0.23
2026-01-30,000905,中证500,CSI 500,601139,深圳燃气,Shenzhen Gas Co Ltd,上海证券交易所,Shanghai Stock Exchange,0.056
2026-01-30,000905,中证500,CSI 500,601155,新城控股,"Future Land Holdings Co., Ltd.",上海证券交易所,Shanghai Stock Exchange,0.152
2026-01-30,000905,中证500,CSI 500,601156,东航物流,"Eastern Air Logistics Co., Ltd.",上海证券交易所,Shanghai Stock Exchange,0.112
2026-01-30,000905,中证500,CSI 500,601162,天风证券,"TIANFENG SECURITIES CO., LTD.",上海证券交易所,Shanghai Stock Exchange,0.276
2026-01-30,000905,中证500,CSI 500,601168,西部矿业,Western Mining Co Ltd,上海证券交易所,Shanghai Stock Exchange,0.563
2026-01-30,000905,中证500,CSI 500,601179,中国西电,China XD Electric Co Ltd,上海证券交易所,Shanghai Stock Exchange,0.353
2026-01-30,000905,中证500,CSI 500,601198,东兴证券,"DONGXING SECURITIES CO., LTD.",上海证券交易所,Shanghai Stock Exchange,0.256
2026-01-30,000905,中证500,CSI 500,601212,白银有色,"Baiyin Nonferrous Group Co., Ltd.",上海证券交易所,Shanghai Stock Exchange,0.384
2026-01-30,000905,中证500,CSI 500,601216,君正集团,"Inner Mongolia Junzheng Energy & Chemical Group Co.,Ltd.",上海证券交易所,Shanghai Stock Exchange,0.189
2026-01-30,000905,中证500,CSI 500,601228,广州港,GUANGZHOU PORT COMPANY LIMITED,上海证券交易所,Shanghai Stock Exchange,0.051
2026-01-30,000905,中证500,CSI 500,601231,环旭电子,"Universal Scientific Industrial (Shanghai) Co.,Ltd.",上海证券交易所,Shanghai Stock Exchange,0.212
2026-01-30,000905,中证500,CSI 500,601233,桐昆股份,Tongkun Group Co Ltd,上海证券交易所,Shanghai Stock Exchange,0.299
2026-01-30,000905,中证500,CSI 500,601333,广深铁路,Guangshen Railway Company Limited,上海证券交易所,Shanghai Stock Exchange,0.101
2026-01-30,000905,中证500,CSI 500,601399,国机重装,"Sinomach Heavy Equipment Group Co.,Ltd",上海证券交易所,Shanghai Stock Exchange,0.14
2026-01-30,000905,中证500,CSI 500,601555,东吴证券,Soochow Securities Co Ltd,上海证券交易所,Shanghai Stock Exchange,0.361
2026-01-30,000905,中证500,CSI 500,601567,三星医疗,"Ningbo Sanxing Medical Electric Co.,Ltd.",上海证券交易所,Shanghai Stock Exchange,0.157
2026-01-30,000905,中证500,CSI 500,601577,长沙银行,"BANK OF CHANGSHA CO., LTD.",上海证券交易所,Shanghai Stock Exchange,0.223
2026-01-30,000905,中证500,CSI 500,601598,中国外运,Sinotrans Limited,上海证券交易所,Shanghai Stock Exchange,0.088
2026-01-30,000905,中证500,CSI 500,601608,中信重工,"CITIC HEAVY INDUSTRIES CO., LTD.",上海证券交易所,Shanghai Stock Exchange,0.132
2026-01-30,000905,中证500,CSI 500,601611,中国核建,China Nuclear Engineering Corporation Limited,上海证券交易所,Shanghai Stock Exchange,0.177
2026-01-30,000905,中证500,CSI 500,601615,明阳智能,MingYangSmartEnergyGroupLimited,上海证券交易所,Shanghai Stock Exchange,0.398
2026-01-30,000905,中证500,CSI 500,601665,齐鲁银行,"QILU BANK CO., LTD.",上海证券交易所,Shanghai Stock Exchange,0.238
2026-01-30,000905,中证500,CSI 500,601666,平煤股份,Pingdingshan Tianan Coal Mining Co Ltd,上海证券交易所,Shanghai Stock Exchange,0.121
2026-01-30,000905,中证500,CSI 500,601696,中银证券,"BOC International (China) Co., Ltd.",上海证券交易所,Shanghai Stock Exchange,0.215
2026-01-30,000905,中证500,CSI 500,601699,潞安环能,Shanxi Lu'an Environmental Energy Development Co Ltd,上海证券交易所,Shanghai Stock Exchange,0.155
2026-01-30,000905,中证500,CSI 500,601717,中创智领,ZMJ Group Company Limited,上海证券交易所,Shanghai Stock Exchange,0.253
2026-01-30,000905,中证500,CSI 500,601799,星宇股份,Changzhou Xingyu Automotive Lighting Systems Co Ltd,上海证券交易所,Shanghai Stock Exchange,0.187
2026-01-30,000905,中证500,CSI 500,601865,福莱特,"Flat Glass Group CO.,LTD.",上海证券交易所,Shanghai Stock Exchange,0.116
2026-01-30,000905,中证500,CSI 500,601866,中远海发,"COSCO SHIPPING Development Co.,Ltd.",上海证券交易所,Shanghai Stock Exchange,0.098
2026-01-30,000905,中证500,CSI 500,601880,辽港股份,"Liaoning Port Co., Ltd.",上海证券交易所,Shanghai Stock Exchange,0.117
2026-01-30,000905,中证500,CSI 500,601918,新集能源,SDIC Xinji Energy Co Ltd,上海证券交易所,Shanghai Stock Exchange,0.108
2026-01-30,000905,中证500,CSI 500,601921,浙版传媒,"Zhejiang Publishing & Media Co., Ltd.",上海证券交易所,Shanghai Stock Exchange,0.035
2026-01-30,000905,中证500,CSI 500,601928,凤凰传媒,Jiangsu Phoenix Publishing & Media Co Ltd,上海证券交易所,Shanghai Stock Exchange,0.073
2026-01-30,000905,中证500,CSI 500,601958,金钼股份,Jinduicheng Molybdenum Co Ltd,上海证券交易所,Shanghai Stock Exchange,0.188
2026-01-30,000905,中证500,CSI 500,601965,中国汽研,"China Automotive Engineering Research Institute Co., Ltd.",上海证券交易所,Shanghai Stock Exchange,0.072
2026-01-30,000905,中证500,CSI 500,601966,玲珑轮胎,"Shandong Linglong Tyre Co., Ltd.",上海证券交易所,Shanghai Stock Exchange,0.105
2026-01-30,000905,中证500,CSI 500,601990,南京证券,"Nanjing Securities Co., Ltd.",上海证券交易所,Shanghai Stock Exchange,0.166
2026-01-30,000905,中证500,CSI 500,601991,大唐发电,"Datang International Power Generation Co.,Ltd.",上海证券交易所,Shanghai Stock Exchange,0.133
2026-01-30,000905,中证500,CSI 500,601997,贵阳银行,"Bank of Guiyang Co.,Ltd.",上海证券交易所,Shanghai Stock Exchange,0.161
2026-01-30,000905,中证500,CSI 500,603000,人民网,"People.cn CO.,LTD",上海证券交易所,Shanghai Stock Exchange,0.128
2026-01-30,000905,中证500,CSI 500,603049,中策橡胶,"Zhongce Rubber Group Co., Ltd.",上海证券交易所,Shanghai Stock Exchange,0.045
2026-01-30,000905,中证500,CSI 500,603077,和邦生物,"Sichuan Hebang Biotechnology Co.,Ltd.",上海证券交易所,Shanghai Stock Exchange,0.148
2026-01-30,000905,中证500,CSI 500,603087,甘李药业,Gan & Lee Pharmaceuticals,上海证券交易所,Shanghai Stock Exchange,0.23
2026-01-30,000905,中证500,CSI 500,603129,春风动力,"ZHEJIANGCFMOTOPOWERCO.,LTD.",上海证券交易所,Shanghai Stock Exchange,0.255
2026-01-30,000905,中证500,CSI 500,603156,养元饮品,"Hebei Yangyuan ZhiHui Beverage Co., Ltd.",上海证券交易所,Shanghai Stock Exchange,0.151
2026-01-30,000905,中证500,CSI 500,603160,汇顶科技,"Shenzhen Huiding Technology Co., Ltd.",上海证券交易所,Shanghai Stock Exchange,0.214
2026-01-30,000905,中证500,CSI 500,603179,新泉股份,"Jiangsu Xinquan Automotive Trim Co.,Ltd",上海证券交易所,Shanghai Stock Exchange,0.294
2026-01-30,000905,中证500,CSI 500,603225,新凤鸣,"Xinfengming Group Co.,Ltd.",上海证券交易所,Shanghai Stock Exchange,0.121
2026-01-30,000905,中证500,CSI 500,603228,景旺电子,"Shenzhen Kinwong Electronic Co.,Ltd.",上海证券交易所,Shanghai Stock Exchange,0.299
2026-01-30,000905,中证500,CSI 500,603233,大参林,"DaShenLin Pharmaceutical Group Co., Ltd.",上海证券交易所,Shanghai Stock Exchange,0.086
2026-01-30,000905,中证500,CSI 500,603290,斯达半导,StarPower Semiconductor Ltd.,上海证券交易所,Shanghai Stock Exchange,0.126
2026-01-30,000905,中证500,CSI 500,603298,杭叉集团,"Hangcha Group Co.,Ltd.",上海证券交易所,Shanghai Stock Exchange,0.138
2026-01-30,000905,中证500,CSI 500,603338,浙江鼎力,"Zhejiang Dingli Machinery Co.,Ltd.",上海证券交易所,Shanghai Stock Exchange,0.135
2026-01-30,000905,中证500,CSI 500,603341,龙旗科技,"Shanghai Longcheer Technology Co.,Ltd",上海证券交易所,Shanghai Stock Exchange,0.101
2026-01-30,000905,中证500,CSI 500,603345,安井食品,"FU JIAN ANJOY FOODS CO., LTD.",上海证券交易所,Shanghai Stock Exchange,0.174
2026-01-30,000905,中证500,CSI 500,603379,三美股份,"Zhejiang Sanmei Chemical Industry Co., Ltd.",上海证券交易所,Shanghai Stock Exchange,0.16
2026-01-30,000905,中证500,CSI 500,603444,吉比特,"G-bits Network Technology(Xiamen)Co., Ltd.",上海证券交易所,Shanghai Stock Exchange,0.187
2026-01-30,000905,中证500,CSI 500,603486,科沃斯,"Ecovacs Robotics Co., Ltd.",上海证券交易所,Shanghai Stock Exchange,0.158
2026-01-30,000905,中证500,CSI 500,603529,爱玛科技,"AIMA TECHNOLOGY GROUP CO.,LTD.",上海证券交易所,Shanghai Stock Exchange,0.073
2026-01-30,000905,中证500,CSI 500,603565,中谷物流,"Shanghai Zhonggu Logistics Co., Ltd.",上海证券交易所,Shanghai Stock Exchange,0.082
2026-01-30,000905,中证500,CSI 500,603568,伟明环保,"ZHEJIANG WEIMING ENVIRONMENT PROTECTION CO., LTD.",上海证券交易所,Shanghai Stock Exchange,0.178
2026-01-30,000905,中证500,CSI 500,603589,口子窖,"Anhui Kouzi Distillery Co., Ltd.",上海证券交易所,Shanghai Stock Exchange,0.117
2026-01-30,000905,中证500,CSI 500,603596,伯特利,"Bethel Automotive Safety Systems Co., Ltd",上海证券交易所,Shanghai Stock Exchange,0.208
2026-01-30,000905,中证500,CSI 500,603605,珀莱雅,"Proya Cosmetics Co., Ltd.",上海证券交易所,Shanghai Stock Exchange,0.165
2026-01-30,000905,中证500,CSI 500,603606,东方电缆,"Ningbo Orient Wires & Cables Co., Ltd.",上海证券交易所,Shanghai Stock Exchange,0.217
2026-01-30,000905,中证500,CSI 500,603650,彤程新材,"Red Avenue New Materials Group Co., Ltd.",上海证券交易所,Shanghai Stock Exchange,0.133
2026-01-30,000905,中证500,CSI 500,603658,安图生物,"Autobio Diagnostics Co., Ltd.",上海证券交易所,Shanghai Stock Exchange,0.06
2026-01-30,000905,中证500,CSI 500,603659,璞泰来,"Shanghai Putailai New Energy Technology Co., Ltd.",上海证券交易所,Shanghai Stock Exchange,0.281
2026-01-30,000905,中证500,CSI 500,603688,石英股份,"JIANGSU PACIFIC QUARTZ CO., LTD",上海证券交易所,Shanghai Stock Exchange,0.102
2026-01-30,000905,中证500,CSI 500,603699,纽威股份,"Neway Valve (Suzhou) Co., Ltd.",上海证券交易所,Shanghai Stock Exchange,0.178
2026-01-30,000905,中证500,CSI 500,603707,健友股份,"Nanjing King-Friend Biochemical Pharmaceutical Co., Ltd",上海证券交易所,Shanghai Stock Exchange,0.044
2026-01-30,000905,中证500,CSI 500,603728,鸣志电器,"Shanghai Moons' Electric Co., Ltd.",上海证券交易所,Shanghai Stock Exchange,0.139
2026-01-30,000905,中证500,CSI 500,603737,三棵树,"SKSHU Paint Co., Ltd.",上海证券交易所,Shanghai Stock Exchange,0.159
2026-01-30,000905,中证500,CSI 500,603766,隆鑫通用,"Loncin Motor Co., Ltd.",上海证券交易所,Shanghai Stock Exchange,0.179
2026-01-30,000905,中证500,CSI 500,603786,科博达,"KEBODA TECHNOLOGY Co., Ltd.",上海证券交易所,Shanghai Stock Exchange,0.08
2026-01-30,000905,中证500,CSI 500,603806,福斯特,"HANGZHOU FIRST PV MATERIAL Co., LTD.",上海证券交易所,Shanghai Stock Exchange,0.168
2026-01-30,000905,中证500,CSI 500,603816,顾家家居,"Jason Furniture (Hangzhou) Co.,Ltd.",上海证券交易所,Shanghai Stock Exchange,0.166
2026-01-30,000905,中证500,CSI 500,603833,欧派家居,Oppein Home Group Inc.,上海证券交易所,Shanghai Stock Exchange,0.106
2026-01-30,000905,中证500,CSI 500,603858,步长制药,"SHANDONG BUCHANG PHARMACEUTICALS CO., LTD.",上海证券交易所,Shanghai Stock Exchange,0.085
2026-01-30,000905,中证500,CSI 500,603885,吉祥航空,"JUNEYAO AIRLINES Co., Ltd",上海证券交易所,Shanghai Stock Exchange,0.125
2026-01-30,000905,中证500,CSI 500,603899,晨光股份,SHANGHAI M&G STATIONERY INC.,上海证券交易所,Shanghai Stock Exchange,0.097
2026-01-30,000905,中证500,CSI 500,603920,世运电路,"Olympic Circuit Technology Co., Ltd.",上海证券交易所,Shanghai Stock Exchange,0.256
2026-01-30,000905,中证500,CSI 500,603927,中科软,"Sinosoft Co.,Ltd",上海证券交易所,Shanghai Stock Exchange,0.108
2026-01-30,000905,中证500,CSI 500,603939,益丰药房,"Yifeng Pharmacy Chain Co., Ltd.",上海证券交易所,Shanghai Stock Exchange,0.137
2026-01-30,000905,中证500,CSI 500,603979,金诚信,"JCHX MINING MANAGEMENT CO.,LTD.",上海证券交易所,Shanghai Stock Exchange,0.281
2026-01-30,000905,中证500,CSI 500,605358,立昂微,"Hangzhou Lion Electronics Co.,Ltd",上海证券交易所,Shanghai Stock Exchange,0.217
2026-01-30,000905,中证500,CSI 500,605589,圣泉集团,"Jinan Shengquan Group Share Holding Co.,Ltd.",上海证券交易所,Shanghai Stock Exchange,0.194
2026-01-30,000905,中证500,CSI 500,688002,睿创微纳,"Raytron Technology Co.,Ltd",上海证券交易所,Shanghai Stock Exchange,0.394
2026-01-30,000905,中证500,CSI 500,688017,绿的谐波,"Leader Harmonious Drive Systems Co., Ltd.",上海证券交易所,Shanghai Stock Exchange,0.279
2026-01-30,000905,中证500,CSI 500,688018,乐鑫科技,"Espressif Systems (Shanghai) Co., Ltd.",上海证券交易所,Shanghai Stock Exchange,0.16
2026-01-30,000905,中证500,CSI 500,688019,安集科技,"Anji Microelectronics Technology (Shanghai) Co., Ltd.",上海证券交易所,Shanghai Stock Exchange,0.302
2026-01-30,000905,中证500,CSI 500,688027,国盾量子,"QuantumCTek Co., Ltd.",上海证券交易所,Shanghai Stock Exchange,0.365
2026-01-30,000905,中证500,CSI 500,688037,芯源微,"KINGSEMI Co., Ltd.",上海证券交易所,Shanghai Stock Exchange,0.317
2026-01-30,000905,中证500,CSI 500,688052,纳芯微,"Suzhou Novosense Microelectronics Co., Ltd.",上海证券交易所,Shanghai Stock Exchange,0.201
2026-01-30,000905,中证500,CSI 500,688065,凯赛生物,Cathay Biotech Inc.,上海证券交易所,Shanghai Stock Exchange,0.199
2026-01-30,000905,中证500,CSI 500,688099,晶晨股份,"Amlogic (Shanghai) Co., Ltd.",上海证券交易所,Shanghai Stock Exchange,0.28
2026-01-30,000905,中证500,CSI 500,688100,威胜信息,"Willfar Information Technology Co., Ltd.",上海证券交易所,Shanghai Stock Exchange,0.057
2026-01-30,000905,中证500,CSI 500,688114,华大智造,"MGI Tech Co., Ltd.",上海证券交易所,Shanghai Stock Exchange,0.154
2026-01-30,000905,中证500,CSI 500,688120,华海清科,"Hwatsing Technology Co.,Ltd.",上海证券交易所,Shanghai Stock Exchange,0.444
2026-01-30,000905,中证500,CSI 500,688122,西部超导,"Western Superconducting Technologies Co.,Ltd.",上海证券交易所,Shanghai Stock Exchange,0.366
2026-01-30,000905,中证500,CSI 500,688166,博瑞医药,"BrightGene Bio-Medical Technology Co., Ltd.",上海证券交易所,Shanghai Stock Exchange,0.131
2026-01-30,000905,中证500,CSI 500,688172,燕东微,"Beijing YanDong MicroElectronic Co., Ltd.",上海证券交易所,Shanghai Stock Exchange,0.126
2026-01-30,000905,中证500,CSI 500,688180,君实生物,"Shanghai Junshi Biosciences Co., Ltd.",上海证券交易所,Shanghai Stock Exchange,0.183
2026-01-30,000905,中证500,CSI 500,688183,生益电子,"SHENGYI ELECTRONICS CO., LTD.",上海证券交易所,Shanghai Stock Exchange,0.209
2026-01-30,000905,中证500,CSI 500,688188,柏楚电子,SHANGHAI FRIENDESS ELECTRONICS TECHNOLOGY CORPORATION LIMITED,上海证券交易所,Shanghai Stock Exchange,0.166
2026-01-30,000905,中证500,CSI 500,688192,迪哲医药,"Dizal (Jiangsu) Pharmaceutical Co., Ltd.",上海证券交易所,Shanghai Stock Exchange,0.075
2026-01-30,000905,中证500,CSI 500,688213,思特威,"Smartsens Technology (Shanghai) Co., Ltd.",上海证券交易所,Shanghai Stock Exchange,0.258
2026-01-30,000905,中证500,CSI 500,688220,翱捷科技,"ASR Microelectronics Co., Ltd.",上海证券交易所,Shanghai Stock Exchange,0.211
2026-01-30,000905,中证500,CSI 500,688234,天岳先进,"SICC CO., LTD.",上海证券交易所,Shanghai Stock Exchange,0.178
2026-01-30,000905,中证500,CSI 500,688235,百济神州,"BeiGene, Ltd.",上海证券交易所,Shanghai Stock Exchange,0.303
2026-01-30,000905,中证500,CSI 500,688248,南网科技,"ChinaSouthernPowerGridTechnologyCo.,Ltd.",上海证券交易所,Shanghai Stock Exchange,0.084
2026-01-30,000905,中证500,CSI 500,688266,泽璟制药,"Suzhou Zelgen Biopharmaceuticals Co., Ltd.",上海证券交易所,Shanghai Stock Exchange,0.155
2026-01-30,000905,中证500,CSI 500,688278,特宝生物,"Xiamen Amoytop Biotech Co., LTD.",上海证券交易所,Shanghai Stock Exchange,0.118
2026-01-30,000905,中证500,CSI 500,688281,华秦科技,"Shaanxi Huaqin Technology Industry Co., Ltd.",上海证券交易所,Shanghai Stock Exchange,0.126
2026-01-30,000905,中证500,CSI 500,688295,中复神鹰,"Zhongfu Shenying Carbon Fiber Co.,Ltd.",上海证券交易所,Shanghai Stock Exchange,0.056
2026-01-30,000905,中证500,CSI 500,688297,中无人机,"AVIC (CHENGDU) UAS CO., LTD.",上海证券交易所,Shanghai Stock Exchange,0.124
2026-01-30,000905,中证500,CSI 500,688301,奕瑞科技,iRay Group,上海证券交易所,Shanghai Stock Exchange,0.142
2026-01-30,000905,中证500,CSI 500,688318,财富趋势,"Shenzhen Fortune Trend Technology Co., Ltd",上海证券交易所,Shanghai Stock Exchange,0.098
2026-01-30,000905,中证500,CSI 500,688322,奥比中光,Orbbec Inc.,上海证券交易所,Shanghai Stock Exchange,0.182
2026-01-30,000905,中证500,CSI 500,688336,三生国健,"Sunshine Guojian Pharmaceutical (Shanghai) Co., Ltd.",上海证券交易所,Shanghai Stock Exchange,0.07
2026-01-30,000905,中证500,CSI 500,688347,华虹公司,HUA HONG SEMICONDUCTOR LIMITED,上海证券交易所,Shanghai Stock Exchange,0.6
2026-01-30,000905,中证500,CSI 500,688349,三一重能,"Sany Heavy Energy Co., Ltd.",上海证券交易所,Shanghai Stock Exchange,0.061
2026-01-30,000905,中证500,CSI 500,688361,中科飞测,"Skyverse Technology Co., Ltd.",上海证券交易所,Shanghai Stock Exchange,0.369
2026-01-30,000905,中证500,CSI 500,688363,华熙生物,Bloomage Biotechnology Corporation Limited,上海证券交易所,Shanghai Stock Exchange,0.082
2026-01-30,000905,中证500,CSI 500,688375,国博电子,"Guobo Electronics Co., Ltd.",上海证券交易所,Shanghai Stock Exchange,0.215
2026-01-30,000905,中证500,CSI 500,688385,复旦微电,"Shanghai Fudan Microelectronics Group CO.,LTD.",上海证券交易所,Shanghai Stock Exchange,0.286
2026-01-30,000905,中证500,CSI 500,688387,信科移动,"CICT Mobile Communication Technology Co., Ltd.",上海证券交易所,Shanghai Stock Exchange,0.239
2026-01-30,000905,中证500,CSI 500,688425,铁建重工,China Railway Construction Heavy Industry Corporation Limited,上海证券交易所,Shanghai Stock Exchange,0.08
2026-01-30,000905,中证500,CSI 500,688469,芯联集成,"United Nova Technology Co., Ltd.",上海证券交易所,Shanghai Stock Exchange,0.362
2026-01-30,000905,中证500,CSI 500,688475,萤石网络,"Hangzhou EZVIZ Network Co.,Ltd.",上海证券交易所,Shanghai Stock Exchange,0.046
2026-01-30,000905,中证500,CSI 500,688520,神州细胞,Sinocelltech Group Limited,上海证券交易所,Shanghai Stock Exchange,0.053
2026-01-30,000905,中证500,CSI 500,688525,佰维存储,"Biwin Storage Technology Co., Ltd.",上海证券交易所,Shanghai Stock Exchange,0.58
2026-01-30,000905,中证500,CSI 500,688538,和辉光电,"Everdisplay Optronics (Shanghai) Co., Ltd.",上海证券交易所,Shanghai Stock Exchange,0.139
2026-01-30,000905,中证500,CSI 500,688561,奇安信,Qi An Xin Technology Group Inc.,上海证券交易所,Shanghai Stock Exchange,0.096
2026-01-30,000905,中证500,CSI 500,688563,航材股份,"Baimtec Material Co.,Ltd.",上海证券交易所,Shanghai Stock Exchange,0.085
2026-01-30,000905,中证500,CSI 500,688568,中科星图,"Geovis Technology Co.,Ltd",上海证券交易所,Shanghai Stock Exchange,0.271
2026-01-30,000905,中证500,CSI 500,688578,艾力斯,"Shanghai Allist Pharmaceuticals Co., Ltd.",上海证券交易所,Shanghai Stock Exchange,0.252
2026-01-30,000905,中证500,CSI 500,688582,芯动联科,Anhui XDLK Microsystem Corporation Limited,上海证券交易所,Shanghai Stock Exchange,0.128
2026-01-30,000905,中证500,CSI 500,688599,天合光能,"Trina Solar Co., Ltd.",上海证券交易所,Shanghai Stock Exchange,0.25
2026-01-30,000905,中证500,CSI 500,688608,恒玄科技,"Bestechnic (Shanghai) Co., Ltd.",上海证券交易所,Shanghai Stock Exchange,0.247
2026-01-30,000905,中证500,CSI 500,688615,合合信息,"Intsig Information Co., Ltd.",上海证券交易所,Shanghai Stock Exchange,0.185
2026-01-30,000905,中证500,CSI 500,688617,惠泰医疗,APT Medical Inc.,上海证券交易所,Shanghai Stock Exchange,0.186
2026-01-30,000905,中证500,CSI 500,688629,华丰科技,"Sichuan Huafeng Technology Co., LTD.",上海证券交易所,Shanghai Stock Exchange,0.164
2026-01-30,000905,中证500,CSI 500,688676,金盘科技,"HAINAN JINPAN SMART TECHNOLOGY CO., LTD.",上海证券交易所,Shanghai Stock Exchange,0.24
2026-01-30,000905,中证500,CSI 500,688692,达梦数据,WUHAN DAMENG DATABASE COMPANY LIMITED,上海证券交易所,Shanghai Stock Exchange,0.152
2026-01-30,000905,中证500,CSI 500,688702,盛科通信,"Suzhou Centec Communications Co., Ltd.",上海证券交易所,Shanghai Stock Exchange,0.182
2026-01-30,000905,中证500,CSI 500,688709,成都华微,"Chengdu Sino-Microelectronics Tech. Co., Ltd.",上海证券交易所,Shanghai Stock Exchange,0.092
2026-01-30,000905,中证500,CSI 500,688728,格科微,GalaxyCore Inc.,上海证券交易所,Shanghai Stock Exchange,0.119
2026-01-30,000905,中证500,CSI 500,688772,珠海冠宇,"Zhuhai CosMX Battery Co., Ltd.",上海证券交易所,Shanghai Stock Exchange,0.125
2026-01-30,000905,中证500,CSI 500,688777,中控技术,"SUPCON Technology Co., Ltd.",上海证券交易所,Shanghai Stock Exchange,0.503
2026-01-30,000905,中证500,CSI 500,688778,厦钨新能,"XTC New Energy Materials (Xiamen) Co.,Ltd.",上海证券交易所,Shanghai Stock Exchange,0.165
2026-01-30,000905,中证500,CSI 500,688819,天能股份,"Tianneng Battery Group Co.,Ltd.",上海证券交易所,Shanghai Stock Exchange,0.044
2026-01-30,000905,中证500,CSI 500,689009,九号公司,Ninebot Limited,上海证券交易所,Shanghai Stock Exchange,0.282
